row_id,TV,radio,newspaper,sales,split,model,prediction,interval_low,interval_high,absolute_error,within_marginal_training_bounds
190,18.7,12.1,23.4,6.7,validation,ols,6.215425469305574,2.8908877875125185,9.539963151098629,0.48457453069442646,True
38,74.7,49.4,45.7,14.7,validation,ols,15.772060510327352,12.430195311407347,19.113925709247358,1.0720605103273524,True
59,210.8,49.6,37.7,23.8,validation,ols,21.859792408844672,18.517639307403083,25.20194551028626,1.9402075911553283,False
54,182.6,46.2,58.7,21.2,validation,ols,20.07610820063067,16.747393824627764,23.404822576633578,1.1238917993693285,True
185,253.8,21.3,30.0,17.6,validation,ols,18.484596971047075,15.171685851117232,21.79750809097692,0.884596971047074,True
35,95.7,1.4,7.4,9.5,validation,ols,7.589545505759038,4.266095962714009,10.912995048804067,1.9104544942409616,True
105,238.2,34.3,5.3,20.7,validation,ols,20.072194922816273,16.72099327017729,23.423396575455257,0.6278050771837265,True
114,209.6,20.6,10.7,15.9,validation,ols,16.274161135299085,12.962701417526766,19.585620853071404,0.3741611352990848,True
19,69.2,20.5,18.3,11.3,validation,ols,10.0104118808866,6.70852092765279,13.31230283412041,1.2895881191134002,True
172,164.5,20.9,47.4,14.5,validation,ols,14.504277300897167,11.207240140597746,17.801314461196586,0.004277300897166825,True
90,109.8,47.8,51.4,16.7,validation,ols,17.07602410022071,13.74570346776155,20.40634473267987,0.376024100220711,True
138,273.7,28.9,59.7,20.8,validation,ols,20.944367036855372,17.607325348563197,24.281408725147546,0.1443670368553711,True
87,76.3,27.5,16.0,12.0,validation,ols,11.617095650723705,8.31059392131296,14.923597380134451,0.3829043492762949,True
104,187.9,17.2,17.9,14.7,validation,ols,14.708764239570879,11.410490826137234,18.007037653004524,0.008764239570879795,True
75,213.4,24.6,13.1,17.0,validation,ols,17.200320494491834,13.888372550039605,20.512268438944062,0.20032049449183376,True
74,129.4,5.7,31.3,11.0,validation,ols,10.023230032530039,6.714544908744534,13.331915156315544,0.976769967469961,True
49,227.2,15.8,49.9,14.8,validation,ols,16.376457035281227,13.058863535627083,19.69405053493537,1.5764570352812264,True
112,241.7,38.0,23.2,21.8,validation,ols,21.010818191896487,17.679388251304314,24.34224813248866,0.789181808103514,True
183,56.2,5.7,29.7,8.7,validation,ols,6.737903330758632,3.415397515401294,10.06040914611597,1.962096669241367,True
187,139.5,2.1,26.6,10.3,validation,ols,9.781548024012197,6.466162109618239,13.096933938406156,0.5184519759878032,True
113,175.7,15.4,2.4,14.1,validation,ols,13.746433220258824,10.431749445838111,17.061116994679537,0.35356677974117545,True
33,97.2,1.5,30.0,9.6,validation,ols,7.79432994307877,4.471355478636232,11.117304407521308,1.8056700569212296,True
96,163.3,31.6,52.9,16.9,validation,ols,16.468137500157354,13.167258609315242,19.769016390999468,0.43186249984264435,True
52,100.4,9.6,3.6,10.7,validation,ols,9.303909859230714,5.990271567197935,12.617548151263493,1.3960901407692852,True
111,225.8,8.2,56.5,13.4,validation,ols,14.936081940322298,11.591448346250882,18.280715534393714,1.5360819403222976,True
60,210.7,29.5,9.3,18.4,validation,ols,17.970104825268272,14.64687869128392,21.293330959252625,0.4298951747317261,True
37,266.9,43.8,5.0,25.4,validation,ols,23.120995630168462,19.725584062034976,26.51640719830195,2.2790043698315365,True
83,75.3,20.3,32.5,11.3,validation,ols,10.32111769108581,7.0234913559410845,13.618744026230535,0.9788823089141907,True
127,7.8,38.9,50.6,6.6,validation,ols,10.851564602419678,7.503515072485001,14.199614132354355,4.251564602419679,True
12,214.7,24.0,4.0,17.4,validation,ols,17.099070107027096,13.772626695563723,20.42551351849047,0.30092989297290273,True
186,205.0,45.1,19.6,22.6,validation,ols,20.668472008496288,17.323416826897926,24.01352719009465,1.9315279915037138,True
67,31.5,24.6,2.2,9.5,validation,ols,8.999899697399233,5.663792316591771,12.336007078206695,0.5001003026007673,True
4,151.5,41.3,58.5,18.5,validation,ols,17.772149755854368,14.455088155110307,21.08921135659843,0.7278502441456318,True
47,89.7,9.9,35.7,10.6,validation,ols,9.049757839735705,5.741725925539782,12.357789753931627,1.550242160264295,True
36,290.7,4.1,8.5,12.8,validation,ols,16.826580591027746,13.462480246916996,20.190680935138495,4.026580591027745,True
199,283.6,42.0,66.2,25.5,validation,ols,23.856444466019465,20.497035163160877,27.215853768878052,1.6435555339805354,True
135,36.9,38.6,65.6,10.8,validation,ols,12.177525992590757,8.82566003693049,15.529391948251025,1.3775259925907566,True
122,18.8,21.7,50.4,7.0,validation,ols,8.146300965745526,4.811503526505303,11.48109840498575,1.1463009657455263,True
161,172.5,18.1,30.7,14.4,validation,ols,14.254054587636272,10.963191173075671,17.544918002196873,0.14594541236372827,True
82,239.8,4.1,36.9,12.3,validation,ols,14.697574633886,11.362868055652553,18.032281212119447,2.3975746338859985,True
190,18.7,12.1,23.4,6.7,validation,bayesian,6.215486765722167,2.9919354351255514,9.439038096318782,0.4845132342778333,True
38,74.7,49.4,45.7,14.7,validation,bayesian,15.772047191724102,12.531694832341161,19.012399551107045,1.0720471917241028,True
59,210.8,49.6,37.7,23.8,validation,bayesian,21.859723108058212,18.61909166781704,25.100354548299382,1.9402768919417888,False
54,182.6,46.2,58.7,21.2,validation,bayesian,20.076066878365683,16.84846568104201,23.303668075689355,1.123933121634316,True
185,253.8,21.3,30.0,17.6,validation,bayesian,18.484557051876227,15.272279032971124,21.69683507078133,0.8845570518762251,True
35,95.7,1.4,7.4,9.5,validation,bayesian,7.589587928894137,4.367091611170714,10.812084246617559,1.9104120711058634,True
105,238.2,34.3,5.3,20.7,validation,bayesian,20.072124651378836,16.82271975289934,23.321529549858333,0.6278753486211635,True
114,209.6,20.6,10.7,15.9,validation,bayesian,16.274128655876623,13.06325797694089,19.484999334812358,0.37412865587662303,True
19,69.2,20.5,18.3,11.3,validation,bayesian,10.010436611973445,6.808843908136352,13.212029315810536,1.289563388026556,True
172,164.5,20.9,47.4,14.5,validation,bayesian,14.504281165819004,11.307394812259542,17.701167519378465,0.004281165819003618,True
90,109.8,47.8,51.4,16.7,validation,bayesian,17.076003451502668,13.846844849968042,20.305162053037293,0.3760034515026689,True
138,273.7,28.9,59.7,20.8,validation,bayesian,20.94432233662586,17.70864688963771,24.17999778361401,0.14432233662585858,True
87,76.3,27.5,16.0,12.0,validation,bayesian,11.617104152474244,8.411040806652597,14.823167498295891,0.3828958475257558,True
104,187.9,17.2,17.9,14.7,validation,bayesian,14.708749816093352,11.510664746651301,17.906834885535403,0.008749816093352791,True
75,213.4,24.6,13.1,17.0,validation,bayesian,17.20028084934554,13.988936799821307,20.41162489886977,0.20028084934553902,True
74,129.4,5.7,31.3,11.0,validation,bayesian,10.023265134712208,6.815084754064312,13.231445515360104,0.9767348652877921,True
49,227.2,15.8,49.9,14.8,validation,bayesian,16.376447588254354,13.159629507808072,19.59326566870064,1.5764475882543536,True
112,241.7,38.0,23.2,21.8,validation,bayesian,21.01074978843297,17.78051574054878,24.240983836317163,0.7892502115670297,True
183,56.2,5.7,29.7,8.7,validation,bayesian,6.737965156974013,3.5163840144838,9.959546299464227,1.962034843025986,True
187,139.5,2.1,26.6,10.3,validation,bayesian,9.781583104016919,6.566905517768328,12.99626069026551,0.5184168959830817,True
113,175.7,15.4,2.4,14.1,validation,bayesian,13.746418166897246,10.532421362838821,16.96041497095567,0.35358183310275315,True
33,97.2,1.5,30.0,9.6,validation,bayesian,7.7943838627591315,4.572348332522532,11.016419392995731,1.8056161372408681,True
96,163.3,31.6,52.9,16.9,validation,bayesian,16.46812598227105,13.267514576643606,19.668737387898496,0.43187401772894773,True
52,100.4,9.6,3.6,10.7,validation,bayesian,9.303934035488192,6.090950879304666,12.516917191671718,1.3960659645118074,True
111,225.8,8.2,56.5,13.4,validation,bayesian,14.936089957571015,11.693053489522168,18.179126425619863,1.536089957571015,True
60,210.7,29.5,9.3,18.4,validation,bayesian,17.97005552467994,14.747776029825804,21.192335019534074,0.42994447532005964,True
37,266.9,43.8,5.0,25.4,validation,bayesian,23.120897675308886,19.828626298859934,26.413169051757837,2.279102324691113,True
83,75.3,20.3,32.5,11.3,validation,bayesian,10.321148163826317,7.123690516591943,13.518605811060691,0.9788518361736838,True
127,7.8,38.9,50.6,6.6,validation,bayesian,10.851597614642756,7.6052488187948875,14.097946410490625,4.2515976146427565,True
12,214.7,24.0,4.0,17.4,validation,bayesian,17.099026099250775,13.873627057480086,20.324425141021464,0.3009739007492236,True
186,205.0,45.1,19.6,22.6,validation,bayesian,20.66840300495303,17.42495780097559,23.911848208930472,1.93159699504697,True
67,31.5,24.6,2.2,9.5,validation,bayesian,8.999922711422137,5.765153259233593,12.234692163610681,0.500077288577863,True
4,151.5,41.3,58.5,18.5,validation,bayesian,17.772128662898158,14.555826202254334,20.988431123541982,0.7278713371018419,True
47,89.7,9.9,35.7,10.6,validation,bayesian,9.049802903477488,5.84225589484141,12.257349912113567,1.5501970965225116,True
36,290.7,4.1,8.5,12.8,validation,bayesian,16.826545363442047,13.564633433864456,20.08845729301964,4.026545363442047,True
199,283.6,42.0,66.2,25.5,validation,bayesian,23.856376520870718,20.59901298785608,27.113740053885355,1.6436234791292819,True
135,36.9,38.6,65.6,10.8,validation,bayesian,12.177556686365767,8.927507422323728,15.427605950407806,1.3775566863657662,True
122,18.8,21.7,50.4,7.0,validation,bayesian,8.14635996554571,4.9128606978856855,11.379859233205734,1.1463599655457095,True
161,172.5,18.1,30.7,14.4,validation,bayesian,14.254051317386157,11.063151101254796,17.444951533517518,0.14594868261384342,True
82,239.8,4.1,36.9,12.3,validation,bayesian,14.697573969853064,11.46416279684027,17.930985142865858,2.397573969853063,True
128,80.2,0.0,9.2,8.8,test,ols,6.644956942616901,3.3165083348977014,9.9734055503361,2.1550430573831,False
176,276.9,48.9,41.8,27.0,test,ols,24.710351272350604,21.34718222780374,28.07352031689747,2.2896487276493964,True
40,228.0,37.7,32.0,21.5,test,ols,20.3881192088645,17.070608951600462,23.705629466128535,1.1118807911355013,True
193,17.2,4.1,31.6,5.9,test,ols,4.704661569512984,1.3601398926469752,8.049183246378993,1.1953384304870163,True
79,5.4,29.9,9.4,5.3,test,ols,8.85443597725293,5.5095990771483265,12.199272877357533,3.55443597725293,True
108,90.4,0.3,23.2,8.7,test,ols,7.231076925404662,3.906808254025752,10.555345596783573,1.4689230745953372,False
102,296.4,36.3,100.9,23.8,test,ols,23.552891127387262,20.10802166316954,26.997760591604983,0.2471088726127384,False
168,206.8,5.2,19.4,12.2,test,ols,13.332536111912017,10.01593499253361,16.649137231290425,1.1325361119120174,True
57,7.3,28.1,41.4,5.5,test,ols,8.773526006246879,5.443068313081652,12.103983699412105,3.273526006246879,True
143,220.5,33.2,37.9,20.1,test,ols,19.24712050345593,15.941661705450002,22.552579301461854,0.8528794965440731,True
42,177.0,33.4,38.7,17.1,test,ols,17.341167725137158,14.044801211868954,20.63753423840536,0.24116772513715645,True
167,17.9,37.6,21.6,8.0,test,ols,10.909335460027155,7.568732641005115,14.249938279049195,2.9093354600271546,True
144,104.6,5.7,34.4,10.4,test,ols,8.929353851921093,5.615798081625043,12.242909622217143,1.4706461480789077,True
180,165.6,10.0,17.6,12.6,test,ols,12.370765396536504,9.06983154762891,15.671699245444097,0.229234603463496,True
159,11.7,36.9,45.2,7.3,test,ols,10.626005585853328,7.287200691843196,13.96481047986346,3.326005585853328,True
13,23.8,35.1,65.9,9.2,test,ols,10.942187723720593,7.58590683760692,14.298468609834266,1.742187723720594,True
140,184.9,43.9,1.7,20.7,test,ols,19.451354905178345,16.077921162772515,22.824788647584175,1.2486450948216543,True
70,216.8,43.9,27.2,22.3,test,ols,21.013728218276754,17.679582270292162,24.347874166261345,1.2862717817232472,True
177,248.4,30.2,20.3,20.2,test,ols,19.845837430255262,16.523070538661653,23.16860432184887,0.35416256974473725,True
133,8.4,27.2,2.1,5.7,test,ols,8.448482796363049,5.098280740032044,11.798684852694054,2.7484827963630485,True
158,149.8,1.3,24.3,10.1,test,ols,10.081845028630068,6.764824945257255,13.398865112002882,0.01815497136993116,True
150,44.7,25.8,20.6,10.1,test,ols,9.910762681088011,6.5998520059507815,13.22167335622524,0.1892373189119887,True
48,239.9,41.5,18.5,23.2,test,ols,21.555959694272634,18.209103367316327,24.90281602122894,1.6440403057273656,True
192,75.5,10.8,6.0,9.9,test,ols,8.42489106778881,5.110660870081352,11.739121265496268,1.4751089322111905,True
95,107.4,14.0,10.9,11.5,test,ols,10.47347375113281,7.171779846299559,13.77516765596606,1.0265262488671905,True
43,293.6,27.7,1.8,20.7,test,ols,21.307197252533616,17.932150656895843,24.68224384817139,0.6071972525336164,False
162,85.7,35.8,49.3,13.3,test,ols,13.755878315427168,10.446002826899115,17.06575380395522,0.4558783154271673,True
195,149.7,35.6,6.0,17.3,test,ols,16.355664945317248,13.024609289836873,19.686720600797624,0.9443350546827531,True
153,197.6,23.3,14.2,16.6,test,ols,16.25719975521018,12.952129810477542,19.56226969994282,0.34280024478982085,True
28,240.1,16.7,22.9,15.9,test,ols,16.978981692524435,13.667589046989386,20.290374338059486,1.0789816925244349,True
103,280.2,10.1,21.4,14.8,test,ols,17.539593914216223,14.201239572107385,20.87794825632506,2.739593914216222,True
179,276.7,2.3,23.7,11.8,test,ols,15.945388143182285,12.593719897603648,19.29705638876092,4.145388143182284,True
22,237.4,5.1,23.5,12.5,test,ols,14.705399488339305,11.378998319847739,18.03180065683087,2.205399488339305,True
121,141.3,26.8,46.2,15.5,test,ols,14.55589817820069,11.262484493938269,17.849311862463114,0.9441018217993093,True
170,284.3,10.6,6.4,15.0,test,ols,17.737046295380658,14.383124979348782,21.090967611412534,2.737046295380658,True
78,120.5,28.5,14.2,14.2,test,ols,13.772138608894306,10.46906414116831,17.0752130766203,0.42786139110569366,True
29,248.8,27.1,22.9,18.9,test,ols,19.301301331030942,15.984551983647048,22.618050678414836,0.40130133103094323,True
169,215.4,23.6,57.6,17.1,test,ols,17.338414207167517,14.023048011176837,20.653780403158198,0.2384142071675157,True
6,8.7,48.9,75.0,7.2,test,ols,12.8788976751928,9.477537357157136,16.280257993228464,5.6788976751927995,True
9,8.6,2.1,1.0,4.8,test,ols,3.7867771551732163,0.4317191598180239,7.141835150528409,1.0132228448267835,True
128,80.2,0.0,9.2,8.8,test,bayesian,6.645008644230483,3.4176651599421444,9.872352128518822,2.1549913557695177,False
176,276.9,48.9,41.8,27.0,test,bayesian,24.71026050816251,21.44925163833569,27.97126937798933,2.2897394918374907,True
40,228.0,37.7,32.0,21.5,test,bayesian,20.38806126179949,17.171323889419835,23.604798634179144,1.1119387382005108,True
193,17.2,4.1,31.6,5.9,test,bayesian,4.704741937588063,1.4618138974221337,7.947669977753991,1.1952580624119378,True
79,5.4,29.9,9.4,5.3,test,bayesian,8.854463408847266,5.611229689235667,12.097697128458865,3.5544634088472664,True
108,90.4,0.3,23.2,8.7,test,bayesian,7.231131835880808,4.007841376525109,10.454422295236506,1.4688681641191916,False
102,296.4,36.3,100.9,23.8,test,bayesian,23.55284716955141,20.212620148995995,26.893074190106823,0.2471528304485915,False
168,206.8,5.2,19.4,12.2,test,bayesian,13.332536475971862,10.116680560938082,16.548392391005642,1.1325364759718628,True
57,7.3,28.1,41.4,5.5,test,bayesian,8.773573214339574,5.54428176818173,12.00286466049742,3.2735732143395744,True
143,220.5,33.2,37.9,20.1,test,bayesian,19.24707649023412,16.04202435547435,22.452128624993893,0.8529235097658798,True
42,177.0,33.4,38.7,17.1,test,bayesian,17.341140189406858,14.144904075207725,20.53737630360599,0.2411401894068561,True
167,17.9,37.6,21.6,8.0,test,bayesian,10.909351247800622,7.670222975326666,14.148479520274577,2.909351247800622,True
144,104.6,5.7,34.4,10.4,test,bayesian,8.929399980307268,5.716496968970848,12.142302991643689,1.470600019692732,True
180,165.6,10.0,17.6,12.6,test,bayesian,12.370771875322408,9.170107185785337,15.571436564859479,0.2292281246775918,True
159,11.7,36.9,45.2,7.3,test,bayesian,10.626037720540163,7.3886526778067045,13.863422763273622,3.326037720540163,True
13,23.8,35.1,65.9,9.2,test,bayesian,10.942229671464608,7.687899656913192,14.196559686016023,1.7422296714646084,True
140,184.9,43.9,1.7,20.7,test,bayesian,19.451285894869336,16.180324563409762,22.72224722632891,1.248714105130663,True
70,216.8,43.9,27.2,22.3,test,bayesian,21.013660992351454,17.78079347058606,24.246528514116847,1.2863390076485466,True
177,248.4,30.2,20.3,20.2,test,bayesian,19.845778645493493,16.623944387547425,23.06761290343956,0.3542213545065067,True
133,8.4,27.2,2.1,5.7,test,bayesian,8.448509891588557,5.200074033661693,11.696945749515422,2.748509891588557,True
158,149.8,1.3,24.3,10.1,test,bayesian,10.081876387544943,6.8656142728574965,13.29813850223239,0.01812361245505656,True
150,44.7,25.8,20.6,10.1,test,bayesian,9.910788573359852,6.700450218061713,13.121126928657992,0.18921142664014745,True
48,239.9,41.5,18.5,23.2,test,bayesian,21.555883270352926,18.310691630399656,24.801074910306195,1.6441167296470738,True
192,75.5,10.8,6.0,9.9,test,bayesian,8.42492381899142,5.211366742850432,11.638480895132409,1.4750761810085802,True
95,107.4,14.0,10.9,11.5,test,bayesian,10.473491505543057,7.272089844856511,13.674893166229603,1.0265084944569427,True
43,293.6,27.7,1.8,20.7,test,bayesian,21.307115809073398,18.03459044476432,24.579641173382477,0.6071158090733988,False
162,85.7,35.8,49.3,13.3,test,bayesian,13.755886712359283,10.546552067569468,16.965221357149098,0.45588671235928224,True
195,149.7,35.6,6.0,17.3,test,bayesian,16.355626124467317,13.125755070018831,19.5854971789158,0.9443738755326834,True
153,197.6,23.3,14.2,16.6,test,bayesian,16.25716894674712,13.052493895530548,19.461843997963697,0.34283105325287977,True
28,240.1,16.7,22.9,15.9,test,bayesian,16.978951180503252,13.768145498354881,20.189756862651624,1.0789511805032515,True
103,280.2,10.1,21.4,14.8,test,bayesian,17.539559080009425,14.302610903872655,20.776507256146196,2.7395590800094247,True
179,276.7,2.3,23.7,11.8,test,bayesian,15.94536958800937,12.695512051677213,19.19522712434153,4.14536958800937,True
22,237.4,5.1,23.5,12.5,test,bayesian,14.705390714645873,11.480032531544884,17.930748897746863,2.2053907146458727,True
121,141.3,26.8,46.2,15.5,test,bayesian,14.555899764134486,11.36252676380347,17.749272764465502,0.9441002358655144,True
170,284.3,10.6,6.4,15.0,test,bayesian,17.737000914282152,14.484958763429008,20.9890430651353,2.7370009142821523,True
78,120.5,28.5,14.2,14.2,test,bayesian,13.772127717911815,10.56938752669354,16.97486790913009,0.4278722820881846,True
29,248.8,27.1,22.9,18.9,test,bayesian,19.301249253973342,16.085249668806984,22.5172488391397,0.40124925397334366,True
169,215.4,23.6,57.6,17.1,test,bayesian,17.338399662890197,14.123741177193688,20.553058148586707,0.23839966289019543,True
6,8.7,48.9,75.0,7.2,test,bayesian,12.878925978080453,9.580886125718983,16.176965830441922,5.678925978080453,True
9,8.6,2.1,1.0,4.8,test,bayesian,3.7868477115605295,0.5337032874179277,7.039992135703131,1.0131522884394704,True
